<application>
  <component name="AndroidLogcatFilterHistory">
    <option name="mostRecentlyUsed" value="package:mine" />
    <option name="nonFavorites">
      <list>
        <option value="package:mine" />
        <option value="package:mine level:info " />
        <option value="package:com.michigansugar.msc" />
        <option value="package:mine level:info System.out" />
        <option value="package:mine level:info" />
        <option value="package:mine level:info System" />
        <option value="package:mine " />
        <option value="package:mine json" />
        <option value="package:mine j" />
        <option value="package:mine get" />
        <option value="package:mine System.out" />
        <option value="package:com.example.keyencetestapp " />
        <option value="package:mine 4d534324" />
        <option value="package:mine .out" />
        <option value="Endian" />
        <option value="End" />
      </list>
    </option>
  </component>
</application>