<application>
  <component name="AndroidLogcatFilterHistory">
    <option name="mostRecentlyUsed" value="package:mine -tag:StrictMode -tag:ScrollView -tag:TrafficStats -tag:ImeFocusController -tag:ViewRootImpl -tag:NativeCustomFrequencyManager -tag:InputMethodManager -tag:BufferQueueDebug -tag:audit -tag:InptTransport -tag:FBI -tag:BLASTBufferQueue -tag:InsetsSourceConsumer -tag:ion -tag:IDS_TAG -tag:AbsListView -tag:InsetsController -tag:BufferQueueConsumer -tag:WindowManager -tag:WindowOnBackDispatcher -tag:AnimatorSet -tag:ImeTracker -tag:Dialog -tag:DecorView -tag:AssistStructure -tag:CompatibilityChangeReporter -tag:nativeloader -tag:ziparchive -tag:GraphicsEnvironment -tag:DynamiteModule -tag:AppCompatDelegate -tag:FA -tag:Toast" />
    <option name="nonFavorites">
      <list>
        <option value="package:mine -tag:StrictMode -tag:ScrollView -tag:TrafficStats -tag:ImeFocusController -tag:ViewRootImpl -tag:NativeCustomFrequencyManager -tag:InputMethodManager -tag:BufferQueueDebug -tag:audit -tag:InptTransport -tag:FBI -tag:BLASTBufferQueue -tag:InsetsSourceConsumer -tag:ion -tag:IDS_TAG -tag:AbsListView -tag:InsetsController -tag:BufferQueueConsumer -tag:WindowManager -tag:WindowOnBackDispatcher -tag:AnimatorSet -tag:ImeTracker -tag:Dialog -tag:DecorView -tag:AssistStructure -tag:CompatibilityChangeReporter -tag:nativeloader -tag:ziparchive -tag:GraphicsEnvironment -tag:DynamiteModule -tag:AppCompatDelegate -tag:FA -tag:Toast" />
        <option value="package:mine -tag:StrictMode -tag:ScrollView -tag:TrafficStats -tag:ImeFocusController -tag:ViewRootImpl -tag:NativeCustomFrequencyManager -tag:InputMethodManager -tag:BufferQueueDebug -tag:audit -tag:InputTransport -tag:FBI -tag:BLASTBufferQueue -tag:InsetsSourceConsumer -tag:ion -tag:IDS_TAG -tag:AbsListView -tag:InsetsController -tag:BufferQueueConsumer -tag:WindowManager -tag:WindowOnBackDispatcher -tag:AnimatorSet -tag:ImeTracker -tag:Dialog -tag:DecorView -tag:AssistStructure -tag:CompatibilityChangeReporter -tag:nativeloader -tag:ziparchive -tag:GraphicsEnvironment -tag:DynamiteModule -tag:AppCompatDelegate -tag:FA -tag:Toast" />
        <option value="package:mine -package:BLASTBufferQueue" />
        <option value="package:mine -BLASTBufferQueue" />
        <option value="package:mine" />
        <option value="package:mine " />
        <option value="package:mine -tag:StrictMode -tag:ScrollView -tag:TrafficStats -tag:ImeFocusController -tag:ViewRootImpl -tag:NativeCustomFrequencyManager -tag:InputMethodManager -tag:BufferQueueDebug -tag:audit -tag:InputTransport -tag:FBI -tag:BLASTBufferQueue -tag:InsetsSourceConsumer -tag:ion -tag:IDS_TAG -tag:AbsListView -tag:InsetsController -tag:BufferQueueConsumer -tag:WindowManager -tag:WindowOnBackDispatcher -tag:AnimatorSet -tag:ImeTracker -tag:Dialog -tag:DecorView -tag:AssistStructure -tag:CompatibilityChangeReporter -tag:nativeloader -tag:ziparchive -tag:GraphicsEnvironment -tag:DynamiteModule -tag:AppCompatDelegate -tag:FA -tag:OpenGLRenderer -tag:Toast  " />
        <option value="package:mine -tag:StrictMode -tag:ScrollView -tag:TrafficStats -tag:ImeFocusController -tag:ViewRootImpl -tag:NativeCustomFrequencyManager -tag:InputMethodManager -tag:BufferQueueDebug -tag:audit -tag:InputTransport -tag:FBI -tag:BLASTBufferQueue -tag:InsetsSourceConsumer -tag:ion -tag:IDS_TAG -tag:AbsListView -tag:InsetsController -tag:BufferQueueConsumer -tag:WindowManager -tag:WindowOnBackDispatcher -tag:AnimatorSet -tag:ImeTracker -tag:Dialog -tag:DecorView -tag:AssistStructure -tag:CompatibilityChangeReporter -tag:nativeloader -tag:ziparchive -tag:GraphicsEnvironment -tag:DynamiteModule -tag:AppCompatDelegate -tag:FA -tag:OpenGLRenderer " />
        <option value="package:mine -tag:StrictMode -tag:ScrollView -tag:TrafficStats -tag:ImeFocusController -tag:ViewRootImpl -tag:NativeCustomFrequencyManager -tag:InputMethodManager -tag:BufferQueueDebug -tag:audit -tag:InputTransport -tag:FBI -tag:BLASTBufferQueue -tag:InsetsSourceConsumer -tag:ion -tag:IDS_TAG -tag:AbsListView -tag:InsetsController -tag:BufferQueueConsumer -tag:WindowManager -tag:WindowOnBackDispatcher -tag:AnimatorSet -tag:ImeTracker -tag:Dialog -tag:DecorView -tag:AssistStructure -tag:CompatibilityChangeReporter -tag:nativeloader -tag:ziparchive -tag:GraphicsEnvironment -tag:DynamiteModule -tag:AppCompatDelegate -tag:FA -tag:OpenGLRenderer -tag:Activity " />
        <option value="package:mine -tag:StrictMode -tag:ScrollView -tag:TrafficStats -tag:ImeFocusController -tag:ViewRootImpl -tag:NativeCustomFrequencyManager -tag:InputMethodManager -tag:BufferQueueDebug -tag:audit -tag:InputTransport -tag:FBI -tag:BLASTBufferQueue -tag:InsetsSourceConsumer -tag:ion -tag:IDS_TAG -tag:AbsListView -tag:InsetsController -tag:BufferQueueConsumer -tag:WindowManager -tag:WindowOnBackDispatcher -tag:AnimatorSet -tag:ImeTracker -tag:Dialog -tag:DecorView -tag:AssistStructure -tag:CompatibilityChangeReporter -tag:nativeloader -tag:ziparchive -tag:GraphicsEnvironment -tag:DynamiteModule -tag:AppCompatDelegate -tag:FA " />
        <option value="package:mine -tag:StrictMode -tag:ScrollView -tag:TrafficStats -tag:ImeFocusController -tag:ViewRootImpl -tag:NativeCustomFrequencyManager -tag:InputMethodManager -tag:BufferQueueDebug -tag:audit -tag:InputTransport -tag:FBI -tag:BLASTBufferQueue -tag:InsetsSourceConsumer -tag:ion -tag:IDS_TAG -tag:AbsListView -tag:InsetsController -tag:BufferQueueConsumer -tag:WindowManager -tag:WindowOnBackDispatcher -tag:AnimatorSet -tag:ImeTracker -tag:Dialog -tag:DecorView -tag:AssistStructure -tag:CompatibilityChangeReporter -tag:nativeloader -tag:ziparchive -tag:GraphicsEnvironment -tag:DynamiteModule -tag:AppCompatDelegate " />
        <option value="package:mine -tag:StrictMode -tag:ScrollView -tag:TrafficStats -tag:ImeFocusController -tag:ViewRootImpl -tag:NativeCustomFrequencyManager -tag:InputMethodManager -tag:BufferQueueDebug -tag:audit -tag:InputTransport -tag:FBI -tag:BLASTBufferQueue -tag:InsetsSourceConsumer -tag:ion -tag:IDS_TAG -tag:AbsListView -tag:InsetsController -tag:BufferQueueConsumer -tag:WindowManager -tag:WindowOnBackDispatcher -tag:AnimatorSet -tag:ImeTracker -tag:Dialog -tag:DecorView -tag:AssistStructure -tag:CompatibilityChangeReporter -tag:nativeloader -tag:ziparchive -tag:GraphicsEnvironment -tag:DynamiteModule " />
        <option value="package:mine -tag:StrictMode -tag:ScrollView -tag:TrafficStats -tag:ImeFocusController -tag:ViewRootImpl -tag:NativeCustomFrequencyManager -tag:InputMethodManager -tag:BufferQueueDebug -tag:audit -tag:InputTransport -tag:FBI -tag:BLASTBufferQueue -tag:InsetsSourceConsumer -tag:ion -tag:IDS_TAG -tag:AbsListView -tag:InsetsController -tag:BufferQueueConsumer -tag:WindowManager -tag:WindowOnBackDispatcher -tag:AnimatorSet -tag:ImeTracker -tag:Dialog -tag:DecorView -tag:AssistStructure -tag:CompatibilityChangeReporter -tag:nativeloader -tag:ziparchive -tag:GraphicsEnvironment " />
        <option value="package:mine -tag:StrictMode -tag:ScrollView -tag:TrafficStats -tag:ImeFocusController -tag:ViewRootImpl -tag:NativeCustomFrequencyManager -tag:InputMethodManager -tag:BufferQueueDebug -tag:audit -tag:InputTransport -tag:FBI -tag:BLASTBufferQueue -tag:InsetsSourceConsumer -tag:ion -tag:IDS_TAG -tag:AbsListView -tag:InsetsController -tag:BufferQueueConsumer -tag:WindowManager -tag:WindowOnBackDispatcher -tag:AnimatorSet -tag:ImeTracker -tag:Dialog -tag:DecorView -tag:AssistStructure -tag:CompatibilityChangeReporter -tag:nativeloader -tag:ziparchive " />
        <option value="package:mine -tag:StrictMode -tag:ScrollView -tag:TrafficStats -tag:ImeFocusController -tag:ViewRootImpl -tag:NativeCustomFrequencyManager -tag:InputMethodManager -tag:BufferQueueDebug -tag:audit -tag:InputTransport -tag:FBI -tag:BLASTBufferQueue -tag:InsetsSourceConsumer -tag:ion -tag:IDS_TAG -tag:AbsListView -tag:InsetsController -tag:BufferQueueConsumer -tag:WindowManager -tag:WindowOnBackDispatcher -tag:AnimatorSet -tag:ImeTracker -tag:Dialog -tag:DecorView -tag:AssistStructure -tag:CompatibilityChangeReporter -tag:nativeloader " />
        <option value="package:mine -tag:StrictMode -tag:ScrollView -tag:TrafficStats -tag:ImeFocusController -tag:ViewRootImpl -tag:NativeCustomFrequencyManager -tag:InputMethodManager -tag:BufferQueueDebug -tag:audit -tag:InputTransport -tag:FBI -tag:BLASTBufferQueue -tag:InsetsSourceConsumer -tag:ion -tag:IDS_TAG -tag:AbsListView -tag:InsetsController -tag:BufferQueueConsumer -tag:WindowManager -tag:WindowOnBackDispatcher -tag:AnimatorSet -tag:ImeTracker -tag:Dialog -tag:DecorView -tag:AssistStructure -tag:CompatibilityChangeReporter " />
        <option value="package:mine -tag:StrictMode -tag:ScrollView -tag:TrafficStats -tag:ImeFocusController -tag:ViewRootImpl -tag:NativeCustomFrequencyManager -tag:InputMethodManager -tag:BufferQueueDebug -tag:audit -tag:InputTransport -tag:FBI -tag:BLASTBufferQueue -tag:InsetsSourceConsumer -tag:ion -tag:IDS_TAG -tag:AbsListView -tag:InsetsController -tag:BufferQueueConsumer -tag:WindowManager -tag:WindowOnBackDispatcher -tag:AnimatorSet -tag:ImeTracker -tag:Dialog -tag:DecorView -tag:AssistStructure" />
        <option value="package:mine -tag:StrictMode -tag:ScrollView -tag:TrafficStats -tag:ImeFocusController -tag:ViewRootImpl -tag:NativeCustomFrequencyManager -tag:InputMethodManager -tag:BufferQueueDebug -tag:audit -tag:InputTransport -tag:FBI -tag:BLASTBufferQueue -tag:InsetsSourceConsumer -tag:ion -tag:IDS_TAG -tag:AbsListView -tag:InsetsController -tag:BufferQueueConsumer -tag:WindowManager -tag:WindowOnBackDispatcher -tag:AnimatorSet -tag:ImeTracker -tag:Dialog -tag:DecorView" />
        <option value="package:mine -tag:StrictMode -tag:ScrollView -tag:TrafficStats -tag:ImeFocusController -tag:ViewRootImpl -tag:NativeCustomFrequencyManager -tag:InputMethodManager -tag:BufferQueueDebug -tag:audit -tag:InputTransport -tag:FBI -tag:BLASTBufferQueue -tag:InsetsSourceConsumer -tag:ion -tag:IDS_TAG -tag:AbsListView -tag:InsetsController -tag:BufferQueueConsumer -tag:WindowManager -tag:WindowOnBackDispatcher -tag:AnimatorSet -tag:ImeTracker -tag:Dialog" />
        <option value="package:mine -tag:StrictMode -tag:ScrollView -tag:TrafficStats -tag:ImeFocusController -tag:ViewRootImpl -tag:NativeCustomFrequencyManager -tag:InputMethodManager -tag:BufferQueueDebug -tag:audit -tag:InputTransport -tag:FBI -tag:BLASTBufferQueue -tag:InsetsSourceConsumer -tag:ion -tag:IDS_TAG -tag:AbsListView -tag:InsetsController -tag:BufferQueueConsumer -tag:WindowManager -tag:WindowOnBackDispatcher -tag:AnimatorSet -tag:ImeTracker" />
      </list>
    </option>
  </component>
</application>