<application>
  <component name="ProjectJdkTable">
    <jdk version="2">
      <name value="Android Studio default JDK" />
      <type value="JavaSDK" />
      <version value="JetBrains Runtime version 17.0.9" />
      <homePath value="$APPLICATION_HOME_DIR$/jbr" />
      <roots>
        <annotationsPath>
          <root type="composite">
            <root url="jar://$APPLICATION_HOME_DIR$/plugins/java/lib/resources/jdkAnnotations.jar!/" type="simple" />
          </root>
        </annotationsPath>
        <classPath>
          <root type="composite">
            <root url="jrt://$APPLICATION_HOME_DIR$/jbr!/java.base" type="simple" />
            <root url="jrt://$APPLICATION_HOME_DIR$/jbr!/java.compiler" type="simple" />
            <root url="jrt://$APPLICATION_HOME_DIR$/jbr!/java.datatransfer" type="simple" />
            <root url="jrt://$APPLICATION_HOME_DIR$/jbr!/java.desktop" type="simple" />
            <root url="jrt://$APPLICATION_HOME_DIR$/jbr!/java.instrument" type="simple" />
            <root url="jrt://$APPLICATION_HOME_DIR$/jbr!/java.logging" type="simple" />
            <root url="jrt://$APPLICATION_HOME_DIR$/jbr!/java.management" type="simple" />
            <root url="jrt://$APPLICATION_HOME_DIR$/jbr!/java.management.rmi" type="simple" />
            <root url="jrt://$APPLICATION_HOME_DIR$/jbr!/java.naming" type="simple" />
            <root url="jrt://$APPLICATION_HOME_DIR$/jbr!/java.net.http" type="simple" />
            <root url="jrt://$APPLICATION_HOME_DIR$/jbr!/java.prefs" type="simple" />
            <root url="jrt://$APPLICATION_HOME_DIR$/jbr!/java.rmi" type="simple" />
            <root url="jrt://$APPLICATION_HOME_DIR$/jbr!/java.scripting" type="simple" />
            <root url="jrt://$APPLICATION_HOME_DIR$/jbr!/java.se" type="simple" />
            <root url="jrt://$APPLICATION_HOME_DIR$/jbr!/java.security.jgss" type="simple" />
            <root url="jrt://$APPLICATION_HOME_DIR$/jbr!/java.security.sasl" type="simple" />
            <root url="jrt://$APPLICATION_HOME_DIR$/jbr!/java.smartcardio" type="simple" />
            <root url="jrt://$APPLICATION_HOME_DIR$/jbr!/java.sql" type="simple" />
            <root url="jrt://$APPLICATION_HOME_DIR$/jbr!/java.sql.rowset" type="simple" />
            <root url="jrt://$APPLICATION_HOME_DIR$/jbr!/java.transaction.xa" type="simple" />
            <root url="jrt://$APPLICATION_HOME_DIR$/jbr!/java.xml" type="simple" />
            <root url="jrt://$APPLICATION_HOME_DIR$/jbr!/java.xml.crypto" type="simple" />
            <root url="jrt://$APPLICATION_HOME_DIR$/jbr!/jdk.accessibility" type="simple" />
            <root url="jrt://$APPLICATION_HOME_DIR$/jbr!/jdk.attach" type="simple" />
            <root url="jrt://$APPLICATION_HOME_DIR$/jbr!/jdk.charsets" type="simple" />
            <root url="jrt://$APPLICATION_HOME_DIR$/jbr!/jdk.compiler" type="simple" />
            <root url="jrt://$APPLICATION_HOME_DIR$/jbr!/jdk.crypto.cryptoki" type="simple" />
            <root url="jrt://$APPLICATION_HOME_DIR$/jbr!/jdk.crypto.ec" type="simple" />
            <root url="jrt://$APPLICATION_HOME_DIR$/jbr!/jdk.dynalink" type="simple" />
            <root url="jrt://$APPLICATION_HOME_DIR$/jbr!/jdk.hotspot.agent" type="simple" />
            <root url="jrt://$APPLICATION_HOME_DIR$/jbr!/jdk.httpserver" type="simple" />
            <root url="jrt://$APPLICATION_HOME_DIR$/jbr!/jdk.internal.ed" type="simple" />
            <root url="jrt://$APPLICATION_HOME_DIR$/jbr!/jdk.internal.jvmstat" type="simple" />
            <root url="jrt://$APPLICATION_HOME_DIR$/jbr!/jdk.internal.le" type="simple" />
            <root url="jrt://$APPLICATION_HOME_DIR$/jbr!/jdk.internal.opt" type="simple" />
            <root url="jrt://$APPLICATION_HOME_DIR$/jbr!/jdk.internal.vm.ci" type="simple" />
            <root url="jrt://$APPLICATION_HOME_DIR$/jbr!/jdk.internal.vm.compiler" type="simple" />
            <root url="jrt://$APPLICATION_HOME_DIR$/jbr!/jdk.internal.vm.compiler.management" type="simple" />
            <root url="jrt://$APPLICATION_HOME_DIR$/jbr!/jdk.jartool" type="simple" />
            <root url="jrt://$APPLICATION_HOME_DIR$/jbr!/jdk.javadoc" type="simple" />
            <root url="jrt://$APPLICATION_HOME_DIR$/jbr!/jdk.jcmd" type="simple" />
            <root url="jrt://$APPLICATION_HOME_DIR$/jbr!/jdk.jdeps" type="simple" />
            <root url="jrt://$APPLICATION_HOME_DIR$/jbr!/jdk.jdi" type="simple" />
            <root url="jrt://$APPLICATION_HOME_DIR$/jbr!/jdk.jdwp.agent" type="simple" />
            <root url="jrt://$APPLICATION_HOME_DIR$/jbr!/jdk.jfr" type="simple" />
            <root url="jrt://$APPLICATION_HOME_DIR$/jbr!/jdk.jlink" type="simple" />
            <root url="jrt://$APPLICATION_HOME_DIR$/jbr!/jdk.jsobject" type="simple" />
            <root url="jrt://$APPLICATION_HOME_DIR$/jbr!/jdk.localedata" type="simple" />
            <root url="jrt://$APPLICATION_HOME_DIR$/jbr!/jdk.management" type="simple" />
            <root url="jrt://$APPLICATION_HOME_DIR$/jbr!/jdk.management.agent" type="simple" />
            <root url="jrt://$APPLICATION_HOME_DIR$/jbr!/jdk.management.jfr" type="simple" />
            <root url="jrt://$APPLICATION_HOME_DIR$/jbr!/jdk.naming.dns" type="simple" />
            <root url="jrt://$APPLICATION_HOME_DIR$/jbr!/jdk.naming.rmi" type="simple" />
            <root url="jrt://$APPLICATION_HOME_DIR$/jbr!/jdk.net" type="simple" />
            <root url="jrt://$APPLICATION_HOME_DIR$/jbr!/jdk.sctp" type="simple" />
            <root url="jrt://$APPLICATION_HOME_DIR$/jbr!/jdk.security.auth" type="simple" />
            <root url="jrt://$APPLICATION_HOME_DIR$/jbr!/jdk.security.jgss" type="simple" />
            <root url="jrt://$APPLICATION_HOME_DIR$/jbr!/jdk.unsupported" type="simple" />
            <root url="jrt://$APPLICATION_HOME_DIR$/jbr!/jdk.unsupported.desktop" type="simple" />
            <root url="jrt://$APPLICATION_HOME_DIR$/jbr!/jdk.xml.dom" type="simple" />
            <root url="jrt://$APPLICATION_HOME_DIR$/jbr!/jdk.zipfs" type="simple" />
          </root>
        </classPath>
        <javadocPath>
          <root type="composite" />
        </javadocPath>
        <sourcePath>
          <root type="composite" />
        </sourcePath>
      </roots>
      <additional />
    </jdk>
    <jdk version="2">
      <name value="Embedded JDK" />
      <type value="JavaSDK" />
      <version value="JetBrains Runtime version 17.0.9" />
      <homePath value="$APPLICATION_HOME_DIR$/jbr" />
      <roots>
        <annotationsPath>
          <root type="composite">
            <root url="jar://$APPLICATION_HOME_DIR$/plugins/java/lib/resources/jdkAnnotations.jar!/" type="simple" />
          </root>
        </annotationsPath>
        <classPath>
          <root type="composite">
            <root url="jrt://$APPLICATION_HOME_DIR$/jbr!/java.base" type="simple" />
            <root url="jrt://$APPLICATION_HOME_DIR$/jbr!/java.compiler" type="simple" />
            <root url="jrt://$APPLICATION_HOME_DIR$/jbr!/java.datatransfer" type="simple" />
            <root url="jrt://$APPLICATION_HOME_DIR$/jbr!/java.desktop" type="simple" />
            <root url="jrt://$APPLICATION_HOME_DIR$/jbr!/java.instrument" type="simple" />
            <root url="jrt://$APPLICATION_HOME_DIR$/jbr!/java.logging" type="simple" />
            <root url="jrt://$APPLICATION_HOME_DIR$/jbr!/java.management" type="simple" />
            <root url="jrt://$APPLICATION_HOME_DIR$/jbr!/java.management.rmi" type="simple" />
            <root url="jrt://$APPLICATION_HOME_DIR$/jbr!/java.naming" type="simple" />
            <root url="jrt://$APPLICATION_HOME_DIR$/jbr!/java.net.http" type="simple" />
            <root url="jrt://$APPLICATION_HOME_DIR$/jbr!/java.prefs" type="simple" />
            <root url="jrt://$APPLICATION_HOME_DIR$/jbr!/java.rmi" type="simple" />
            <root url="jrt://$APPLICATION_HOME_DIR$/jbr!/java.scripting" type="simple" />
            <root url="jrt://$APPLICATION_HOME_DIR$/jbr!/java.se" type="simple" />
            <root url="jrt://$APPLICATION_HOME_DIR$/jbr!/java.security.jgss" type="simple" />
            <root url="jrt://$APPLICATION_HOME_DIR$/jbr!/java.security.sasl" type="simple" />
            <root url="jrt://$APPLICATION_HOME_DIR$/jbr!/java.smartcardio" type="simple" />
            <root url="jrt://$APPLICATION_HOME_DIR$/jbr!/java.sql" type="simple" />
            <root url="jrt://$APPLICATION_HOME_DIR$/jbr!/java.sql.rowset" type="simple" />
            <root url="jrt://$APPLICATION_HOME_DIR$/jbr!/java.transaction.xa" type="simple" />
            <root url="jrt://$APPLICATION_HOME_DIR$/jbr!/java.xml" type="simple" />
            <root url="jrt://$APPLICATION_HOME_DIR$/jbr!/java.xml.crypto" type="simple" />
            <root url="jrt://$APPLICATION_HOME_DIR$/jbr!/jdk.accessibility" type="simple" />
            <root url="jrt://$APPLICATION_HOME_DIR$/jbr!/jdk.attach" type="simple" />
            <root url="jrt://$APPLICATION_HOME_DIR$/jbr!/jdk.charsets" type="simple" />
            <root url="jrt://$APPLICATION_HOME_DIR$/jbr!/jdk.compiler" type="simple" />
            <root url="jrt://$APPLICATION_HOME_DIR$/jbr!/jdk.crypto.cryptoki" type="simple" />
            <root url="jrt://$APPLICATION_HOME_DIR$/jbr!/jdk.crypto.ec" type="simple" />
            <root url="jrt://$APPLICATION_HOME_DIR$/jbr!/jdk.dynalink" type="simple" />
            <root url="jrt://$APPLICATION_HOME_DIR$/jbr!/jdk.hotspot.agent" type="simple" />
            <root url="jrt://$APPLICATION_HOME_DIR$/jbr!/jdk.httpserver" type="simple" />
            <root url="jrt://$APPLICATION_HOME_DIR$/jbr!/jdk.internal.ed" type="simple" />
            <root url="jrt://$APPLICATION_HOME_DIR$/jbr!/jdk.internal.jvmstat" type="simple" />
            <root url="jrt://$APPLICATION_HOME_DIR$/jbr!/jdk.internal.le" type="simple" />
            <root url="jrt://$APPLICATION_HOME_DIR$/jbr!/jdk.internal.opt" type="simple" />
            <root url="jrt://$APPLICATION_HOME_DIR$/jbr!/jdk.internal.vm.ci" type="simple" />
            <root url="jrt://$APPLICATION_HOME_DIR$/jbr!/jdk.internal.vm.compiler" type="simple" />
            <root url="jrt://$APPLICATION_HOME_DIR$/jbr!/jdk.internal.vm.compiler.management" type="simple" />
            <root url="jrt://$APPLICATION_HOME_DIR$/jbr!/jdk.jartool" type="simple" />
            <root url="jrt://$APPLICATION_HOME_DIR$/jbr!/jdk.javadoc" type="simple" />
            <root url="jrt://$APPLICATION_HOME_DIR$/jbr!/jdk.jcmd" type="simple" />
            <root url="jrt://$APPLICATION_HOME_DIR$/jbr!/jdk.jdeps" type="simple" />
            <root url="jrt://$APPLICATION_HOME_DIR$/jbr!/jdk.jdi" type="simple" />
            <root url="jrt://$APPLICATION_HOME_DIR$/jbr!/jdk.jdwp.agent" type="simple" />
            <root url="jrt://$APPLICATION_HOME_DIR$/jbr!/jdk.jfr" type="simple" />
            <root url="jrt://$APPLICATION_HOME_DIR$/jbr!/jdk.jlink" type="simple" />
            <root url="jrt://$APPLICATION_HOME_DIR$/jbr!/jdk.jsobject" type="simple" />
            <root url="jrt://$APPLICATION_HOME_DIR$/jbr!/jdk.localedata" type="simple" />
            <root url="jrt://$APPLICATION_HOME_DIR$/jbr!/jdk.management" type="simple" />
            <root url="jrt://$APPLICATION_HOME_DIR$/jbr!/jdk.management.agent" type="simple" />
            <root url="jrt://$APPLICATION_HOME_DIR$/jbr!/jdk.management.jfr" type="simple" />
            <root url="jrt://$APPLICATION_HOME_DIR$/jbr!/jdk.naming.dns" type="simple" />
            <root url="jrt://$APPLICATION_HOME_DIR$/jbr!/jdk.naming.rmi" type="simple" />
            <root url="jrt://$APPLICATION_HOME_DIR$/jbr!/jdk.net" type="simple" />
            <root url="jrt://$APPLICATION_HOME_DIR$/jbr!/jdk.sctp" type="simple" />
            <root url="jrt://$APPLICATION_HOME_DIR$/jbr!/jdk.security.auth" type="simple" />
            <root url="jrt://$APPLICATION_HOME_DIR$/jbr!/jdk.security.jgss" type="simple" />
            <root url="jrt://$APPLICATION_HOME_DIR$/jbr!/jdk.unsupported" type="simple" />
            <root url="jrt://$APPLICATION_HOME_DIR$/jbr!/jdk.unsupported.desktop" type="simple" />
            <root url="jrt://$APPLICATION_HOME_DIR$/jbr!/jdk.xml.dom" type="simple" />
            <root url="jrt://$APPLICATION_HOME_DIR$/jbr!/jdk.zipfs" type="simple" />
          </root>
        </classPath>
        <javadocPath>
          <root type="composite" />
        </javadocPath>
        <sourcePath>
          <root type="composite" />
        </sourcePath>
      </roots>
      <additional />
    </jdk>
    <jdk version="2">
      <name value="11" />
      <type value="JavaSDK" />
      <version value="JetBrains Runtime version 17.0.9" />
      <homePath value="$APPLICATION_HOME_DIR$/jbr" />
      <roots>
        <annotationsPath>
          <root type="composite">
            <root url="jar://$APPLICATION_HOME_DIR$/plugins/java/lib/resources/jdkAnnotations.jar!/" type="simple" />
          </root>
        </annotationsPath>
        <classPath>
          <root type="composite">
            <root url="jrt://$APPLICATION_HOME_DIR$/jbr!/java.base" type="simple" />
            <root url="jrt://$APPLICATION_HOME_DIR$/jbr!/java.compiler" type="simple" />
            <root url="jrt://$APPLICATION_HOME_DIR$/jbr!/java.datatransfer" type="simple" />
            <root url="jrt://$APPLICATION_HOME_DIR$/jbr!/java.desktop" type="simple" />
            <root url="jrt://$APPLICATION_HOME_DIR$/jbr!/java.instrument" type="simple" />
            <root url="jrt://$APPLICATION_HOME_DIR$/jbr!/java.logging" type="simple" />
            <root url="jrt://$APPLICATION_HOME_DIR$/jbr!/java.management" type="simple" />
            <root url="jrt://$APPLICATION_HOME_DIR$/jbr!/java.management.rmi" type="simple" />
            <root url="jrt://$APPLICATION_HOME_DIR$/jbr!/java.naming" type="simple" />
            <root url="jrt://$APPLICATION_HOME_DIR$/jbr!/java.net.http" type="simple" />
            <root url="jrt://$APPLICATION_HOME_DIR$/jbr!/java.prefs" type="simple" />
            <root url="jrt://$APPLICATION_HOME_DIR$/jbr!/java.rmi" type="simple" />
            <root url="jrt://$APPLICATION_HOME_DIR$/jbr!/java.scripting" type="simple" />
            <root url="jrt://$APPLICATION_HOME_DIR$/jbr!/java.se" type="simple" />
            <root url="jrt://$APPLICATION_HOME_DIR$/jbr!/java.security.jgss" type="simple" />
            <root url="jrt://$APPLICATION_HOME_DIR$/jbr!/java.security.sasl" type="simple" />
            <root url="jrt://$APPLICATION_HOME_DIR$/jbr!/java.smartcardio" type="simple" />
            <root url="jrt://$APPLICATION_HOME_DIR$/jbr!/java.sql" type="simple" />
            <root url="jrt://$APPLICATION_HOME_DIR$/jbr!/java.sql.rowset" type="simple" />
            <root url="jrt://$APPLICATION_HOME_DIR$/jbr!/java.transaction.xa" type="simple" />
            <root url="jrt://$APPLICATION_HOME_DIR$/jbr!/java.xml" type="simple" />
            <root url="jrt://$APPLICATION_HOME_DIR$/jbr!/java.xml.crypto" type="simple" />
            <root url="jrt://$APPLICATION_HOME_DIR$/jbr!/jdk.accessibility" type="simple" />
            <root url="jrt://$APPLICATION_HOME_DIR$/jbr!/jdk.attach" type="simple" />
            <root url="jrt://$APPLICATION_HOME_DIR$/jbr!/jdk.charsets" type="simple" />
            <root url="jrt://$APPLICATION_HOME_DIR$/jbr!/jdk.compiler" type="simple" />
            <root url="jrt://$APPLICATION_HOME_DIR$/jbr!/jdk.crypto.cryptoki" type="simple" />
            <root url="jrt://$APPLICATION_HOME_DIR$/jbr!/jdk.crypto.ec" type="simple" />
            <root url="jrt://$APPLICATION_HOME_DIR$/jbr!/jdk.dynalink" type="simple" />
            <root url="jrt://$APPLICATION_HOME_DIR$/jbr!/jdk.hotspot.agent" type="simple" />
            <root url="jrt://$APPLICATION_HOME_DIR$/jbr!/jdk.httpserver" type="simple" />
            <root url="jrt://$APPLICATION_HOME_DIR$/jbr!/jdk.internal.ed" type="simple" />
            <root url="jrt://$APPLICATION_HOME_DIR$/jbr!/jdk.internal.jvmstat" type="simple" />
            <root url="jrt://$APPLICATION_HOME_DIR$/jbr!/jdk.internal.le" type="simple" />
            <root url="jrt://$APPLICATION_HOME_DIR$/jbr!/jdk.internal.opt" type="simple" />
            <root url="jrt://$APPLICATION_HOME_DIR$/jbr!/jdk.internal.vm.ci" type="simple" />
            <root url="jrt://$APPLICATION_HOME_DIR$/jbr!/jdk.internal.vm.compiler" type="simple" />
            <root url="jrt://$APPLICATION_HOME_DIR$/jbr!/jdk.internal.vm.compiler.management" type="simple" />
            <root url="jrt://$APPLICATION_HOME_DIR$/jbr!/jdk.jartool" type="simple" />
            <root url="jrt://$APPLICATION_HOME_DIR$/jbr!/jdk.javadoc" type="simple" />
            <root url="jrt://$APPLICATION_HOME_DIR$/jbr!/jdk.jcmd" type="simple" />
            <root url="jrt://$APPLICATION_HOME_DIR$/jbr!/jdk.jdeps" type="simple" />
            <root url="jrt://$APPLICATION_HOME_DIR$/jbr!/jdk.jdi" type="simple" />
            <root url="jrt://$APPLICATION_HOME_DIR$/jbr!/jdk.jdwp.agent" type="simple" />
            <root url="jrt://$APPLICATION_HOME_DIR$/jbr!/jdk.jfr" type="simple" />
            <root url="jrt://$APPLICATION_HOME_DIR$/jbr!/jdk.jlink" type="simple" />
            <root url="jrt://$APPLICATION_HOME_DIR$/jbr!/jdk.jsobject" type="simple" />
            <root url="jrt://$APPLICATION_HOME_DIR$/jbr!/jdk.localedata" type="simple" />
            <root url="jrt://$APPLICATION_HOME_DIR$/jbr!/jdk.management" type="simple" />
            <root url="jrt://$APPLICATION_HOME_DIR$/jbr!/jdk.management.agent" type="simple" />
            <root url="jrt://$APPLICATION_HOME_DIR$/jbr!/jdk.management.jfr" type="simple" />
            <root url="jrt://$APPLICATION_HOME_DIR$/jbr!/jdk.naming.dns" type="simple" />
            <root url="jrt://$APPLICATION_HOME_DIR$/jbr!/jdk.naming.rmi" type="simple" />
            <root url="jrt://$APPLICATION_HOME_DIR$/jbr!/jdk.net" type="simple" />
            <root url="jrt://$APPLICATION_HOME_DIR$/jbr!/jdk.sctp" type="simple" />
            <root url="jrt://$APPLICATION_HOME_DIR$/jbr!/jdk.security.auth" type="simple" />
            <root url="jrt://$APPLICATION_HOME_DIR$/jbr!/jdk.security.jgss" type="simple" />
            <root url="jrt://$APPLICATION_HOME_DIR$/jbr!/jdk.unsupported" type="simple" />
            <root url="jrt://$APPLICATION_HOME_DIR$/jbr!/jdk.unsupported.desktop" type="simple" />
            <root url="jrt://$APPLICATION_HOME_DIR$/jbr!/jdk.xml.dom" type="simple" />
            <root url="jrt://$APPLICATION_HOME_DIR$/jbr!/jdk.zipfs" type="simple" />
          </root>
        </classPath>
        <javadocPath>
          <root type="composite" />
        </javadocPath>
        <sourcePath>
          <root type="composite" />
        </sourcePath>
      </roots>
      <additional />
    </jdk>
    <jdk version="2">
      <name value="Android API 28 Platform" />
      <type value="Android SDK" />
      <homePath value="$USER_HOME$/Android/Sdk" />
      <roots>
        <annotationsPath>
          <root type="composite">
            <root url="jar://$USER_HOME$/Android/Sdk/platforms/android-28/data/annotations.zip!/" type="simple" />
          </root>
        </annotationsPath>
        <classPath>
          <root type="composite">
            <root url="jar://$USER_HOME$/Android/Sdk/platforms/android-28/android.jar!/" type="simple" />
            <root url="file://$USER_HOME$/Android/Sdk/platforms/android-28/data/res" type="simple" />
          </root>
        </classPath>
        <javadocPath>
          <root type="composite" />
        </javadocPath>
        <sourcePath>
          <root type="composite">
            <root url="file://$USER_HOME$/Android/Sdk/sources/android-28" type="simple" />
          </root>
        </sourcePath>
      </roots>
      <additional sdk="android-28" />
    </jdk>
    <jdk version="2">
      <name value="Android API 29 Platform" />
      <type value="Android SDK" />
      <homePath value="$USER_HOME$/Android/Sdk" />
      <roots>
        <annotationsPath>
          <root type="composite">
            <root url="jar://$USER_HOME$/Android/Sdk/platforms/android-29/data/annotations.zip!/" type="simple" />
          </root>
        </annotationsPath>
        <classPath>
          <root type="composite">
            <root url="jar://$USER_HOME$/Android/Sdk/platforms/android-29/android.jar!/" type="simple" />
            <root url="file://$USER_HOME$/Android/Sdk/platforms/android-29/data/res" type="simple" />
          </root>
        </classPath>
        <javadocPath>
          <root type="composite" />
        </javadocPath>
        <sourcePath>
          <root type="composite">
            <root url="file://$USER_HOME$/Android/Sdk/sources/android-29" type="simple" />
          </root>
        </sourcePath>
      </roots>
      <additional sdk="android-29" />
    </jdk>
    <jdk version="2">
      <name value="Android API 30 Platform" />
      <type value="Android SDK" />
      <version value="version 11.0.15" />
      <homePath value="$USER_HOME$/Android/Sdk" />
      <roots>
        <annotationsPath>
          <root type="composite">
            <root url="jar://$USER_HOME$/Android/Sdk/platforms/android-30/data/annotations.zip!/" type="simple" />
          </root>
        </annotationsPath>
        <classPath>
          <root type="composite">
            <root url="jar://$USER_HOME$/Android/Sdk/platforms/android-30/android.jar!/" type="simple" />
            <root url="file://$USER_HOME$/Android/Sdk/platforms/android-30/data/res" type="simple" />
          </root>
        </classPath>
        <javadocPath>
          <root type="composite" />
        </javadocPath>
        <sourcePath>
          <root type="composite">
            <root url="file://$USER_HOME$/Android/Sdk/sources/android-30" type="simple" />
          </root>
        </sourcePath>
      </roots>
      <additional sdk="android-30" />
    </jdk>
    <jdk version="2">
      <name value="Android API 31 Platform" />
      <type value="Android SDK" />
      <homePath value="$USER_HOME$/Android/Sdk" />
      <roots>
        <annotationsPath>
          <root type="composite">
            <root url="jar://$USER_HOME$/Android/Sdk/platforms/android-31/data/annotations.zip!/" type="simple" />
          </root>
        </annotationsPath>
        <classPath>
          <root type="composite">
            <root url="jar://$USER_HOME$/Android/Sdk/platforms/android-31/android.jar!/" type="simple" />
            <root url="file://$USER_HOME$/Android/Sdk/platforms/android-31/data/res" type="simple" />
          </root>
        </classPath>
        <javadocPath>
          <root type="composite" />
        </javadocPath>
        <sourcePath>
          <root type="composite">
            <root url="file://$USER_HOME$/Android/Sdk/sources/android-31" type="simple" />
          </root>
        </sourcePath>
      </roots>
      <additional sdk="android-31" />
    </jdk>
    <jdk version="2">
      <name value="Android API 32 Platform" />
      <type value="Android SDK" />
      <version value="version 11.0.15" />
      <homePath value="$USER_HOME$/Android/Sdk" />
      <roots>
        <annotationsPath>
          <root type="composite">
            <root url="jar://$USER_HOME$/Android/Sdk/platforms/android-32/data/annotations.zip!/" type="simple" />
          </root>
        </annotationsPath>
        <classPath>
          <root type="composite">
            <root url="jar://$USER_HOME$/Android/Sdk/platforms/android-32/android.jar!/" type="simple" />
            <root url="file://$USER_HOME$/Android/Sdk/platforms/android-32/data/res" type="simple" />
          </root>
        </classPath>
        <javadocPath>
          <root type="composite" />
        </javadocPath>
        <sourcePath>
          <root type="composite">
            <root url="file://$USER_HOME$/Android/Sdk/sources/android-32" type="simple" />
          </root>
        </sourcePath>
      </roots>
      <additional sdk="android-32" />
    </jdk>
    <jdk version="2">
      <name value="Android API 33, extension level 3 Platform" />
      <type value="Android SDK" />
      <version value="version 11.0.15" />
      <homePath value="$USER_HOME$/Android/Sdk" />
      <roots>
        <annotationsPath>
          <root type="composite">
            <root url="jar://$USER_HOME$/Android/Sdk/platforms/android-33/data/annotations.zip!/" type="simple" />
          </root>
        </annotationsPath>
        <classPath>
          <root type="composite">
            <root url="jar://$USER_HOME$/Android/Sdk/platforms/android-33/android.jar!/" type="simple" />
            <root url="file://$USER_HOME$/Android/Sdk/platforms/android-33/data/res" type="simple" />
          </root>
        </classPath>
        <javadocPath>
          <root type="composite" />
        </javadocPath>
        <sourcePath>
          <root type="composite">
            <root url="file://$USER_HOME$/Android/Sdk/sources/android-33" type="simple" />
          </root>
        </sourcePath>
      </roots>
      <additional sdk="android-33" />
    </jdk>
    <jdk version="2">
      <name value="Android API 33, extension level 5 Platform" />
      <type value="Android SDK" />
      <homePath value="$USER_HOME$/Android/Sdk" />
      <roots>
        <annotationsPath>
          <root type="composite">
            <root url="jar://$USER_HOME$/Android/Sdk/platforms/android-33-ext5/data/annotations.zip!/" type="simple" />
          </root>
        </annotationsPath>
        <classPath>
          <root type="composite">
            <root url="jar://$USER_HOME$/Android/Sdk/platforms/android-33-ext5/android.jar!/" type="simple" />
            <root url="file://$USER_HOME$/Android/Sdk/platforms/android-33-ext5/data/res" type="simple" />
          </root>
        </classPath>
        <javadocPath>
          <root type="composite">
            <root url="http://developer.android.com/reference/" type="simple" />
          </root>
        </javadocPath>
        <sourcePath>
          <root type="composite" />
        </sourcePath>
      </roots>
      <additional sdk="android-33-ext5" />
    </jdk>
    <jdk version="2">
      <name value="Android Studio java home" />
      <type value="JavaSDK" />
      <version value="JetBrains Runtime version 17.0.9" />
      <homePath value="$APPLICATION_HOME_DIR$/jbr" />
      <roots>
        <annotationsPath>
          <root type="composite">
            <root url="jar://$APPLICATION_HOME_DIR$/plugins/java/lib/resources/jdkAnnotations.jar!/" type="simple" />
          </root>
        </annotationsPath>
        <classPath>
          <root type="composite">
            <root url="jrt://$APPLICATION_HOME_DIR$/jbr!/java.base" type="simple" />
            <root url="jrt://$APPLICATION_HOME_DIR$/jbr!/java.compiler" type="simple" />
            <root url="jrt://$APPLICATION_HOME_DIR$/jbr!/java.datatransfer" type="simple" />
            <root url="jrt://$APPLICATION_HOME_DIR$/jbr!/java.desktop" type="simple" />
            <root url="jrt://$APPLICATION_HOME_DIR$/jbr!/java.instrument" type="simple" />
            <root url="jrt://$APPLICATION_HOME_DIR$/jbr!/java.logging" type="simple" />
            <root url="jrt://$APPLICATION_HOME_DIR$/jbr!/java.management" type="simple" />
            <root url="jrt://$APPLICATION_HOME_DIR$/jbr!/java.management.rmi" type="simple" />
            <root url="jrt://$APPLICATION_HOME_DIR$/jbr!/java.naming" type="simple" />
            <root url="jrt://$APPLICATION_HOME_DIR$/jbr!/java.net.http" type="simple" />
            <root url="jrt://$APPLICATION_HOME_DIR$/jbr!/java.prefs" type="simple" />
            <root url="jrt://$APPLICATION_HOME_DIR$/jbr!/java.rmi" type="simple" />
            <root url="jrt://$APPLICATION_HOME_DIR$/jbr!/java.scripting" type="simple" />
            <root url="jrt://$APPLICATION_HOME_DIR$/jbr!/java.se" type="simple" />
            <root url="jrt://$APPLICATION_HOME_DIR$/jbr!/java.security.jgss" type="simple" />
            <root url="jrt://$APPLICATION_HOME_DIR$/jbr!/java.security.sasl" type="simple" />
            <root url="jrt://$APPLICATION_HOME_DIR$/jbr!/java.smartcardio" type="simple" />
            <root url="jrt://$APPLICATION_HOME_DIR$/jbr!/java.sql" type="simple" />
            <root url="jrt://$APPLICATION_HOME_DIR$/jbr!/java.sql.rowset" type="simple" />
            <root url="jrt://$APPLICATION_HOME_DIR$/jbr!/java.transaction.xa" type="simple" />
            <root url="jrt://$APPLICATION_HOME_DIR$/jbr!/java.xml" type="simple" />
            <root url="jrt://$APPLICATION_HOME_DIR$/jbr!/java.xml.crypto" type="simple" />
            <root url="jrt://$APPLICATION_HOME_DIR$/jbr!/jdk.accessibility" type="simple" />
            <root url="jrt://$APPLICATION_HOME_DIR$/jbr!/jdk.attach" type="simple" />
            <root url="jrt://$APPLICATION_HOME_DIR$/jbr!/jdk.charsets" type="simple" />
            <root url="jrt://$APPLICATION_HOME_DIR$/jbr!/jdk.compiler" type="simple" />
            <root url="jrt://$APPLICATION_HOME_DIR$/jbr!/jdk.crypto.cryptoki" type="simple" />
            <root url="jrt://$APPLICATION_HOME_DIR$/jbr!/jdk.crypto.ec" type="simple" />
            <root url="jrt://$APPLICATION_HOME_DIR$/jbr!/jdk.dynalink" type="simple" />
            <root url="jrt://$APPLICATION_HOME_DIR$/jbr!/jdk.hotspot.agent" type="simple" />
            <root url="jrt://$APPLICATION_HOME_DIR$/jbr!/jdk.httpserver" type="simple" />
            <root url="jrt://$APPLICATION_HOME_DIR$/jbr!/jdk.internal.ed" type="simple" />
            <root url="jrt://$APPLICATION_HOME_DIR$/jbr!/jdk.internal.jvmstat" type="simple" />
            <root url="jrt://$APPLICATION_HOME_DIR$/jbr!/jdk.internal.le" type="simple" />
            <root url="jrt://$APPLICATION_HOME_DIR$/jbr!/jdk.internal.opt" type="simple" />
            <root url="jrt://$APPLICATION_HOME_DIR$/jbr!/jdk.internal.vm.ci" type="simple" />
            <root url="jrt://$APPLICATION_HOME_DIR$/jbr!/jdk.internal.vm.compiler" type="simple" />
            <root url="jrt://$APPLICATION_HOME_DIR$/jbr!/jdk.internal.vm.compiler.management" type="simple" />
            <root url="jrt://$APPLICATION_HOME_DIR$/jbr!/jdk.jartool" type="simple" />
            <root url="jrt://$APPLICATION_HOME_DIR$/jbr!/jdk.javadoc" type="simple" />
            <root url="jrt://$APPLICATION_HOME_DIR$/jbr!/jdk.jcmd" type="simple" />
            <root url="jrt://$APPLICATION_HOME_DIR$/jbr!/jdk.jdeps" type="simple" />
            <root url="jrt://$APPLICATION_HOME_DIR$/jbr!/jdk.jdi" type="simple" />
            <root url="jrt://$APPLICATION_HOME_DIR$/jbr!/jdk.jdwp.agent" type="simple" />
            <root url="jrt://$APPLICATION_HOME_DIR$/jbr!/jdk.jfr" type="simple" />
            <root url="jrt://$APPLICATION_HOME_DIR$/jbr!/jdk.jlink" type="simple" />
            <root url="jrt://$APPLICATION_HOME_DIR$/jbr!/jdk.jsobject" type="simple" />
            <root url="jrt://$APPLICATION_HOME_DIR$/jbr!/jdk.localedata" type="simple" />
            <root url="jrt://$APPLICATION_HOME_DIR$/jbr!/jdk.management" type="simple" />
            <root url="jrt://$APPLICATION_HOME_DIR$/jbr!/jdk.management.agent" type="simple" />
            <root url="jrt://$APPLICATION_HOME_DIR$/jbr!/jdk.management.jfr" type="simple" />
            <root url="jrt://$APPLICATION_HOME_DIR$/jbr!/jdk.naming.dns" type="simple" />
            <root url="jrt://$APPLICATION_HOME_DIR$/jbr!/jdk.naming.rmi" type="simple" />
            <root url="jrt://$APPLICATION_HOME_DIR$/jbr!/jdk.net" type="simple" />
            <root url="jrt://$APPLICATION_HOME_DIR$/jbr!/jdk.sctp" type="simple" />
            <root url="jrt://$APPLICATION_HOME_DIR$/jbr!/jdk.security.auth" type="simple" />
            <root url="jrt://$APPLICATION_HOME_DIR$/jbr!/jdk.security.jgss" type="simple" />
            <root url="jrt://$APPLICATION_HOME_DIR$/jbr!/jdk.unsupported" type="simple" />
            <root url="jrt://$APPLICATION_HOME_DIR$/jbr!/jdk.unsupported.desktop" type="simple" />
            <root url="jrt://$APPLICATION_HOME_DIR$/jbr!/jdk.xml.dom" type="simple" />
            <root url="jrt://$APPLICATION_HOME_DIR$/jbr!/jdk.zipfs" type="simple" />
          </root>
        </classPath>
        <javadocPath>
          <root type="composite" />
        </javadocPath>
        <sourcePath>
          <root type="composite" />
        </sourcePath>
      </roots>
      <additional />
    </jdk>
    <jdk version="2">
      <name value="jbr-17" />
      <type value="JavaSDK" />
      <version value="JetBrains Runtime version 17.0.9" />
      <homePath value="/snap/android-studio/151/jbr" />
      <roots>
        <annotationsPath>
          <root type="composite">
            <root url="jar://$APPLICATION_HOME_DIR$/plugins/java/lib/resources/jdkAnnotations.jar!/" type="simple" />
          </root>
        </annotationsPath>
        <classPath>
          <root type="composite">
            <root url="jrt:///snap/android-studio/151/jbr!/java.base" type="simple" />
            <root url="jrt:///snap/android-studio/151/jbr!/java.compiler" type="simple" />
            <root url="jrt:///snap/android-studio/151/jbr!/java.datatransfer" type="simple" />
            <root url="jrt:///snap/android-studio/151/jbr!/java.desktop" type="simple" />
            <root url="jrt:///snap/android-studio/151/jbr!/java.instrument" type="simple" />
            <root url="jrt:///snap/android-studio/151/jbr!/java.logging" type="simple" />
            <root url="jrt:///snap/android-studio/151/jbr!/java.management" type="simple" />
            <root url="jrt:///snap/android-studio/151/jbr!/java.management.rmi" type="simple" />
            <root url="jrt:///snap/android-studio/151/jbr!/java.naming" type="simple" />
            <root url="jrt:///snap/android-studio/151/jbr!/java.net.http" type="simple" />
            <root url="jrt:///snap/android-studio/151/jbr!/java.prefs" type="simple" />
            <root url="jrt:///snap/android-studio/151/jbr!/java.rmi" type="simple" />
            <root url="jrt:///snap/android-studio/151/jbr!/java.scripting" type="simple" />
            <root url="jrt:///snap/android-studio/151/jbr!/java.se" type="simple" />
            <root url="jrt:///snap/android-studio/151/jbr!/java.security.jgss" type="simple" />
            <root url="jrt:///snap/android-studio/151/jbr!/java.security.sasl" type="simple" />
            <root url="jrt:///snap/android-studio/151/jbr!/java.smartcardio" type="simple" />
            <root url="jrt:///snap/android-studio/151/jbr!/java.sql" type="simple" />
            <root url="jrt:///snap/android-studio/151/jbr!/java.sql.rowset" type="simple" />
            <root url="jrt:///snap/android-studio/151/jbr!/java.transaction.xa" type="simple" />
            <root url="jrt:///snap/android-studio/151/jbr!/java.xml" type="simple" />
            <root url="jrt:///snap/android-studio/151/jbr!/java.xml.crypto" type="simple" />
            <root url="jrt:///snap/android-studio/151/jbr!/jdk.accessibility" type="simple" />
            <root url="jrt:///snap/android-studio/151/jbr!/jdk.attach" type="simple" />
            <root url="jrt:///snap/android-studio/151/jbr!/jdk.charsets" type="simple" />
            <root url="jrt:///snap/android-studio/151/jbr!/jdk.compiler" type="simple" />
            <root url="jrt:///snap/android-studio/151/jbr!/jdk.crypto.cryptoki" type="simple" />
            <root url="jrt:///snap/android-studio/151/jbr!/jdk.crypto.ec" type="simple" />
            <root url="jrt:///snap/android-studio/151/jbr!/jdk.dynalink" type="simple" />
            <root url="jrt:///snap/android-studio/151/jbr!/jdk.hotspot.agent" type="simple" />
            <root url="jrt:///snap/android-studio/151/jbr!/jdk.httpserver" type="simple" />
            <root url="jrt:///snap/android-studio/151/jbr!/jdk.internal.ed" type="simple" />
            <root url="jrt:///snap/android-studio/151/jbr!/jdk.internal.jvmstat" type="simple" />
            <root url="jrt:///snap/android-studio/151/jbr!/jdk.internal.le" type="simple" />
            <root url="jrt:///snap/android-studio/151/jbr!/jdk.internal.opt" type="simple" />
            <root url="jrt:///snap/android-studio/151/jbr!/jdk.internal.vm.ci" type="simple" />
            <root url="jrt:///snap/android-studio/151/jbr!/jdk.internal.vm.compiler" type="simple" />
            <root url="jrt:///snap/android-studio/151/jbr!/jdk.internal.vm.compiler.management" type="simple" />
            <root url="jrt:///snap/android-studio/151/jbr!/jdk.jartool" type="simple" />
            <root url="jrt:///snap/android-studio/151/jbr!/jdk.javadoc" type="simple" />
            <root url="jrt:///snap/android-studio/151/jbr!/jdk.jcmd" type="simple" />
            <root url="jrt:///snap/android-studio/151/jbr!/jdk.jdeps" type="simple" />
            <root url="jrt:///snap/android-studio/151/jbr!/jdk.jdi" type="simple" />
            <root url="jrt:///snap/android-studio/151/jbr!/jdk.jdwp.agent" type="simple" />
            <root url="jrt:///snap/android-studio/151/jbr!/jdk.jfr" type="simple" />
            <root url="jrt:///snap/android-studio/151/jbr!/jdk.jlink" type="simple" />
            <root url="jrt:///snap/android-studio/151/jbr!/jdk.jsobject" type="simple" />
            <root url="jrt:///snap/android-studio/151/jbr!/jdk.localedata" type="simple" />
            <root url="jrt:///snap/android-studio/151/jbr!/jdk.management" type="simple" />
            <root url="jrt:///snap/android-studio/151/jbr!/jdk.management.agent" type="simple" />
            <root url="jrt:///snap/android-studio/151/jbr!/jdk.management.jfr" type="simple" />
            <root url="jrt:///snap/android-studio/151/jbr!/jdk.naming.dns" type="simple" />
            <root url="jrt:///snap/android-studio/151/jbr!/jdk.naming.rmi" type="simple" />
            <root url="jrt:///snap/android-studio/151/jbr!/jdk.net" type="simple" />
            <root url="jrt:///snap/android-studio/151/jbr!/jdk.sctp" type="simple" />
            <root url="jrt:///snap/android-studio/151/jbr!/jdk.security.auth" type="simple" />
            <root url="jrt:///snap/android-studio/151/jbr!/jdk.security.jgss" type="simple" />
            <root url="jrt:///snap/android-studio/151/jbr!/jdk.unsupported" type="simple" />
            <root url="jrt:///snap/android-studio/151/jbr!/jdk.unsupported.desktop" type="simple" />
            <root url="jrt:///snap/android-studio/151/jbr!/jdk.xml.dom" type="simple" />
            <root url="jrt:///snap/android-studio/151/jbr!/jdk.zipfs" type="simple" />
          </root>
        </classPath>
        <javadocPath>
          <root type="composite" />
        </javadocPath>
        <sourcePath>
          <root type="composite" />
        </sourcePath>
      </roots>
      <additional />
    </jdk>
    <jdk version="2">
      <name value="Android API 34, extension level 7 Platform" />
      <type value="Android SDK" />
      <homePath value="$USER_HOME$/Android/Sdk" />
      <roots>
        <annotationsPath>
          <root type="composite">
            <root url="jar://$USER_HOME$/Android/Sdk/platforms/android-34/data/annotations.zip!/" type="simple" />
          </root>
        </annotationsPath>
        <classPath>
          <root type="composite">
            <root url="jar://$USER_HOME$/Android/Sdk/platforms/android-34/android.jar!/" type="simple" />
            <root url="file://$USER_HOME$/Android/Sdk/platforms/android-34/data/res" type="simple" />
          </root>
        </classPath>
        <javadocPath>
          <root type="composite">
            <root url="http://developer.android.com/reference/" type="simple" />
          </root>
        </javadocPath>
        <sourcePath>
          <root type="composite" />
        </sourcePath>
      </roots>
      <additional sdk="android-34" />
    </jdk>
    <jdk version="2">
      <name value="Kotlin SDK" />
      <type value="KotlinSDK" />
      <homePath value="" />
      <roots>
        <annotationsPath>
          <root type="composite" />
        </annotationsPath>
        <classPath>
          <root type="composite" />
        </classPath>
        <javadocPath>
          <root type="composite" />
        </javadocPath>
        <sourcePath>
          <root type="composite" />
        </sourcePath>
      </roots>
      <additional />
    </jdk>
  </component>
</application>