<application>
  <component name="Trusted.Paths">
    <option name="TRUSTED_PROJECT_PATHS">
      <map>
        <entry key="$USER_HOME$/Workspace/repos/app_android" value="true" />
        <entry key="$USER_HOME$/Workspace/repos/app_rfid_android" value="true" />
        <entry key="$USER_HOME$/Workspace/repos/operations_android" value="true" />
      </map>
    </option>
  </component>
  <component name="Trusted.Paths.Settings">
    <option name="TRUSTED_PATHS">
      <list>
        <option value="$USER_HOME$/Workspace/repos" />
      </list>
    </option>
  </component>
</application>