<keymap version="1" name="GNOME copy" parent="Default for GNOME">
  <action id="EmojiPicker.Open" />
  <action id="GotoTest" />
  <action id="ReopenClosedTab">
    <keyboard-shortcut first-keystroke="shift ctrl t" />
  </action>
  <action id="ResourceExplorer.show" />
  <action id="ServiceView.ShowServices" />
  <action id="ShowRecentTests" />
  <action id="Terminal.NewTab" />
  <action id="UpdateRunningApplication" />
  <action id="android.deploy.ApplyChanges">
    <keyboard-shortcut first-keystroke="ctrl f10" />
  </action>
  <action id="android.deploy.CodeSwap">
    <keyboard-shortcut first-keystroke="ctrl alt f10" />
  </action>
</keymap>